t_min,P_kW
0,97.4720270875125
1,96.7129700871812
2,95.966563261661
3,95.2334571948493
4,94.5143024706439
5,93.8097496729421
6,93.1204493856415
7,92.4470521926396
8,91.790208677834
9,91.1505694251221
10,90.5287850184015
11,89.9255060415697
12,89.3413830785243
13,88.7770667131627
14,88.2332075293825
15,87.7104561110812
16,87.1838182751739
17,86.6337681037205
18,86.069158578336
19,85.4988426806353
20,84.9316733922332
21,84.3765036947447
22,83.8421865697847
23,83.337574998968
24,82.8715219639097
25,82.4528804462246
26,82.0905034275276
27,81.7932438894336
28,81.5699548135575
29,81.4294891815143
30,81.3806999749188
31,81.4442299913793
32,81.6230005028148
33,81.899282202306
34,82.2553457829337
35,82.6734619377787
36,83.1359013599218
37,83.6249347424436
38,84.1228327784251
39,84.611866160947
40,85.0743055830901
41,85.492421737935
42,85.8484853185628
43,86.124767018054
44,86.3035375294895
45,86.36706754595
46,86.2620711101044
47,85.9666160231899
48,85.5100036161403
49,84.9215352198891
50,84.2305121653701
51,83.466235783517
52,82.6580074052634
53,81.8351283615429
54,81.0268999832893
55,80.2626236014361
56,79.5716005469171
57,78.983132150666
58,78.5265197436164
59,78.2310646567019
60,78.1260682208563
61,78.1515538322435
62,78.22326915731
63,78.3341019324127
64,78.4769398939087
65,78.6446707781551
66,78.8301823215089
67,79.026362260327
68,79.2260983309667
69,79.4222782697849
70,79.6077898131387
71,79.775520697385
72,79.918358658881
73,80.0291914339838
74,80.1009067590502
75,80.1263923704375
76,80.003529078542
77,79.6577974897197
78,79.1234850342671
79,78.4348791424807
80,77.6262672446567
81,76.7319367710917
82,75.7861751520821
83,74.8232698179242
84,73.8775081989146
85,72.9831777253495
86,72.1745658275256
87,71.4859599357391
88,70.9516474802865
89,70.6059158914643
90,70.4830525995688
91,70.4986910650987
92,70.5426969797296
93,70.6107061205228
94,70.6983542645397
95,70.8012771888417
96,70.9151106704902
97,71.0354904865465
98,71.1580524140722
99,71.2784322301286
100,71.3922657117771
101,71.495188636079
102,71.5828367800959
103,71.6508459208891
104,71.69485183552
105,71.71049030105
106,71.7103047099971
107,71.7097487018093
108,71.7088234239427
109,71.7075300238533
110,71.7058696489974
111,71.7038434468311
112,71.7014525648104
113,71.6986981503915
114,71.6955813510306
115,71.6921033141837
116,71.6882651873071
117,71.6840681178568
118,71.6795132532889
119,71.6746017410596
120,71.669334728625
121,71.6111804409163
122,71.4561576133262
123,71.2170931590032
124,70.9068139910959
125,70.5381470227527
126,70.1239191671221
127,69.6769573373527
128,69.2100884465929
129,68.7361394079913
130,68.2679371346963
131,67.8183085398564
132,67.4000805366203
133,67.0260800381363
134,66.7091339575529
135,66.4620692080188
136,66.256155052471
137,66.0546905423879
138,65.8585472737298
139,65.6685968424567
140,65.485710844529
141,65.3107608759068
142,65.1446185325503
143,64.9881554104197
144,64.8422431054752
145,64.707753213677
146,64.5855573309853
147,64.4765270533603
148,64.3815339767622
149,64.3014496971512
150,64.2371458104875
151,64.1817050716857
152,64.1278439856924
153,64.0758847735164
154,64.026149656166
155,63.9789608546498
156,63.9346405899763
157,63.8935110831541
158,63.8558945551917
159,63.8221132270975
160,63.7924893198801
161,63.7673450545481
162,63.7470026521099
163,63.7317843335741
164,63.7220123199492
165,63.7180088322438
166,63.7170293074751
167,63.7161146354985
168,63.7152652165791
169,63.7144814509823
170,63.7137637389734
171,63.7131124808174
172,63.7125280767798
173,63.7120109271258
174,63.7115614321205
175,63.7111799920294
176,63.7108670071176
177,63.7106228776503
178,63.710448003893
179,63.7103427861107
180,63.7103076245687
181,63.7247911691878
182,63.7655471900926
183,63.8285337678547
184,63.9097089830453
185,64.0050309162359
186,64.1104576479979
187,64.2219472589029
188,64.3354578295221
189,64.4469474404271
190,64.5523741721891
191,64.6476961053798
192,64.7288713205704
193,64.7918578983324
194,64.8326139192372
195,64.8470974638563
196,64.8029300709224
197,64.6785029286717
198,64.485928591931
199,64.2373196155269
200,63.9447885542859
201,63.6204479630348
202,63.2764103966002
203,62.9247884098086
204,62.5776945574869
205,62.2472413944614
206,61.9455414755591
207,61.6847073556063
208,61.4768515894299
209,61.3340867318564
210,61.2685253377125
211,61.2462567301372
212,61.2253157603499
213,61.2057332752976
214,61.1875401219273
215,61.170767147186
216,61.1554451980208
217,61.1416051213785
218,61.1292777642064
219,61.1184939734513
220,61.1092845960604
221,61.1016804789805
222,61.0957124691588
223,61.0914114135422
224,61.0888081590778
225,61.0879335527125
226,61.1106426929424
227,61.1745451573102
228,61.2733035113331
229,61.4005803205284
230,61.5500381504134
231,61.7153395665053
232,61.8901471343213
233,62.0681234193787
234,62.2429309871947
235,62.4082324032866
236,62.5576902331716
237,62.6849670423669
238,62.7837253963898
239,62.8476278607576
240,62.8703370009875
241,62.8686574659835
242,62.8637043641169
243,62.8556059501055
244,62.8444904786674
245,62.8304862045204
246,62.8137213823825
247,62.7943242669717
248,62.7724231130059
249,62.7481461752031
250,62.7216217082811
251,62.6929779669579
252,62.6623432059516
253,62.6298456799799
254,62.5956136437609
255,62.5597753520125
256,62.4977843720599
257,62.3899598876383
258,62.2437285780808
259,62.0665171227205
260,61.8657522008905
261,61.6488604919237
262,61.4232686751535
263,61.1964034299126
264,60.9756914355344
265,60.7685593713518
266,60.582433916698
267,60.4247417509059
268,60.3029095533087
269,60.2243640032395
270,60.1965317800313
271,60.2037822414072
272,60.2241847024882
273,60.2557157787044
274,60.2963520854857
275,60.344070238262
276,60.3968468524635
277,60.4526585435199
278,60.5094819268614
279,60.5652936179178
280,60.6180702321192
281,60.6657883848956
282,60.7064246916769
283,60.737955767893
284,60.7583582289741
285,60.76560869035
286,60.7586461406616
287,60.7390538496778
288,60.7087748545211
289,60.6697521923138
290,60.6239289001782
291,60.5732480152368
292,60.5196525746118
293,60.4650856154257
294,60.4114901748007
295,60.3608092898593
296,60.3149859977237
297,60.2759633355164
298,60.2456843403597
299,60.2260920493759
300,60.2191294996875
301,60.2909932993563
302,60.4932146891221
303,60.8057386551237
304,61.2085101835001
305,61.6814742603903
306,62.2045758719331
307,62.7577600042675
308,63.3209716435325
309,63.8741557758669
310,64.3972573874097
311,64.8702214642999
312,65.2729929926763
313,65.5855169586779
314,65.7877383484437
315,65.8596021481125
316,65.8141592806444
317,65.6862851652108
318,65.488661532268
319,65.2339701122722
320,64.9348926356796
321,64.6041108329465
322,64.254306434529
323,63.8981611708834
324,63.548356772466
325,63.2175749697329
326,62.9184974931403
327,62.6638060731445
328,62.4661824402017
329,62.3383083247681
330,62.2928654573
331,62.3173388884031
332,62.3870236527399
333,62.4963164568516
334,62.6396140072793
335,62.8113130105642
336,63.0058101732476
337,63.2175022018704
338,63.4407858029741
339,63.6700576830996
340,63.8997145487882
341,64.1241531065811
342,64.3377700630194
343,64.5349621246443
344,64.7101259979971
345,64.8576583896187
346,64.9831149855418
347,65.0971455982303
348,65.2017881238732
349,65.2990804586592
350,65.3910604987772
351,65.4797661404159
352,65.5672352797641
353,65.6555058130107
354,65.7466156363444
355,65.8426026459541
356,65.9455047380285
357,66.0573598087565
358,66.1802057543269
359,66.3160804709285
360,66.46702185475
361,66.6449686685667
362,66.8579682504328
363,67.1022213594561
364,67.3739287547441
365,67.6692911954045
366,67.984509440545
367,68.315784249273
368,68.6593163806964
369,69.0113065939226
370,69.3679556480594
371,69.7254643022144
372,70.0800333154952
373,70.4278634470094
374,70.7651554558647
375,71.0881101011687
376,71.4129480630216
377,71.7556027805858
378,72.1118441515629
379,72.4774420736541
380,72.8481664445609
381,73.2197871619845
382,73.5880741236264
383,73.9487972271879
384,74.2977263703703
385,74.630631450875
386,74.9432823664035
387,75.2314490146569
388,75.4909012933368
389,75.7174091001445
390,75.9067423327812
391,76.064283013898
392,76.2005677574589
393,76.3190983481351
394,76.4233765705979
395,76.5169042095184
396,76.6031830495679
397,76.6857148754177
398,76.7680014717388
399,76.8535446232026
400,76.9458461144802
401,77.0484077302429
402,77.1647312551619
403,77.2983184739084
404,77.4526711711536
405,77.6312911315688
406,77.9093909068255
407,78.3426250308797
408,78.9051582618284
409,79.571155357769
410,80.3147810767987
411,81.1102001770147
412,81.9315774165144
413,82.753077553395
414,83.5488653457537
415,84.2931055516879
416,84.9599629292947
417,85.5236022366714
418,85.9581882319153
419,86.2378856731237
420,86.3368593183937
421,86.3221677611733
422,86.2802497852703
423,86.2143404343225
424,86.1276747519673
425,86.0234877818424
426,85.9050145675854
427,85.7754901528339
428,85.6381495812255
429,85.4962278963978
430,85.3529601419883
431,85.2115813616347
432,85.0753265989747
433,84.9474308976456
434,84.8311293012853
435,84.7296568535313
436,84.6329670834138
437,84.5301237194728
438,84.42302710461
439,84.3135775817272
440,84.2036754937263
441,84.0952211835089
442,83.990114993977
443,83.8902572680323
444,83.7975483485766
445,83.7138885785117
446,83.6411783007395
447,83.5813178581616
448,83.53620759368
449,83.5077478501963
450,83.4978389706125
451,83.6595811925697
452,84.1147162822633
453,84.8181068754261
454,85.7246156077911
455,86.789105115091
456,87.9664380330587
457,89.2114769974271
458,90.4790846439291
459,91.7241236082975
460,92.9014565262653
461,93.9659460335652
462,94.8724547659301
463,95.5758453590929
464,96.0309804487865
465,96.1927226707437
466,96.0750429512996
467,95.743897694259
468,95.2321277515598
469,94.5725739751401
470,93.7980772169377
471,92.9414783288905
472,92.0356181629365
473,91.1133375710135
474,90.2074774050594
475,89.3508785170123
476,88.5763817588099
477,87.9168279823901
478,87.405058039691
479,87.0739127826504
480,86.9562330632062
481,87.0411012053891
482,87.2799162101363
483,87.6489939447456
484,88.1246502765148
485,88.6832010727417
486,89.300962200724
487,89.9542495277597
488,90.6193789211465
489,91.2726662481822
490,91.8904273761646
491,92.4489781723915
492,92.9246345041607
493,93.2937122387699
494,93.5325272435171
495,93.6173953857
496,93.5525718026524
497,93.3692677414092
498,93.0842332338201
499,92.7142183117348
500,92.275973007003
501,91.7862473514743
502,91.2617913769983
503,90.7193551154248
504,90.1756885986034
505,89.6475418583837
506,89.1516649266155
507,88.7048078351483
508,88.3237206158319
509,88.0251533005159
510,87.82585592105
511,87.6834214985726
512,87.5448638994336
513,87.4110644232998
514,87.2829043698381
515,87.1612650387153
516,87.0470277295982
517,86.9410737421536
518,86.8442843760483
519,86.7575409309491
520,86.6817247065229
521,86.6177170024365
522,86.5663991183567
523,86.5286523539503
524,86.5053580088841
525,86.497397382825
526,86.4987723313694
527,86.502808693768
528,86.5093737451691
529,86.5183347607208
530,86.5295590155713
531,86.5429137848689
532,86.5582663437618
533,86.5754839673982
534,86.5944339309262
535,86.614983509494
536,86.63699997825
537,86.6603506123422
538,86.684902686919
539,86.7105234771284
540,86.7370802581187
541,86.7687729638622
542,86.8096796463143
543,86.8594847575982
544,86.9178727498372
545,86.9845280751545
546,87.0591351856731
547,87.1413785335164
548,87.2309425708074
549,87.3275117496695
550,87.4307705222257
551,87.5404033405993
552,87.6560946569135
553,87.7775289232914
554,87.9043905918563
555,88.0363641147312
556,88.1872401782172
557,88.369472953439
558,88.5807421197558
559,88.8187273565269
560,89.0811083431114
561,89.3655647588685
562,89.6697762831574
563,89.9914225953374
564,90.3281833747676
565,90.6777383008072
566,91.0377670528155
567,91.4059493101516
568,91.7799647521747
569,92.157493058244
570,92.5362139077187
571,92.9639751464375
572,93.4786671880236
573,94.0630335635132
574,94.6998178039424
575,95.3717634403475
576,96.0616140037645
577,96.7521130252297
578,97.4260040357792
579,98.0660305664491
580,98.6549361482758
581,99.1754643122953
582,99.6103585895438
583,99.9423625110574
584,100.154219607872
585,100.228673411025
586,100.160463982247
587,99.968525822196
588,99.6718941202995
589,99.2896040659838
590,98.8406908486752
591,98.3441896578004
592,97.8191356827858
593,97.2845641130579
594,96.7595101380433
595,96.2630089471685
596,95.81409572986
597,95.4318056755442
598,95.1351739736477
599,94.9432358135971
600,94.8750263848188
601,94.9422036626416
602,95.1327058796246
603,95.4299886110396
604,95.8175074321582
605,96.2787179182523
606,96.7970756445935
607,97.3560361864536
608,97.9390551191044
609,98.5295880178176
610,99.1110904578649
611,99.6670180145182
612,100.180826263049
613,100.635970778729
614,101.015907136831
615,101.304090912625
616,101.541626438209
617,101.779040975952
618,102.013924496532
619,102.243866970629
620,102.466458368922
621,102.679288662091
622,102.879947820814
623,103.066025815771
624,103.235112617642
625,103.384798197104
626,103.512672524838
627,103.616325571523
628,103.693347307838
629,103.741327704462
630,103.757856732075
631,103.754917922515
632,103.746648249103
633,103.733867844738
634,103.717396842321
635,103.698055374753
636,103.676663574933
637,103.654041575763
638,103.631009510143
639,103.608387510973
640,103.586995711154
641,103.567654243585
642,103.551183241169
643,103.538402836804
644,103.530133163391
645,103.527194353831
646,103.58287048344
647,103.740927927013
648,103.987910266666
649,104.310361084516
650,104.694823962682
651,105.12784248328
652,105.595960228427
653,106.085720780241
654,106.583667720839
655,107.076344632338
656,107.550295096856
657,107.992062696509
658,108.388191013416
659,108.725223629692
660,108.989704127456
661,109.205246598298
662,109.405586180286
663,109.592448025255
664,109.767557285041
665,109.932639111478
666,110.089418656402
667,110.239621071648
668,110.384971509052
669,110.527195120447
670,110.66801705767
671,110.809162472555
672,110.952356516938
673,111.099324342654
674,111.251791101538
675,111.411481945425
676,111.569260688379
677,111.716631291189
678,111.85627912578
679,111.990889564076
680,112.123147978001
681,112.255739739479
682,112.391350220435
683,112.532664792791
684,112.682368828474
685,112.843147699406
686,113.017686777512
687,113.208671434715
688,113.418787042941
689,113.650718974114
690,113.907152600156
691,114.277665646784
692,114.82959546418
693,115.53226686097
694,116.35500464578
695,117.267133627236
696,118.237978613963
697,119.236864414588
698,120.233115837737
699,121.196057692035
700,122.095014786108
701,122.899311928583
702,123.578273928085
703,124.10122559324
704,124.437491732674
705,124.556397155012
706,124.498546223391
707,124.335756392548
708,124.084172108519
709,123.759937817336
710,123.379197965035
711,122.958096997649
712,122.512779361211
713,122.059389501757
714,121.61407186532
715,121.192970897934
716,120.812231045633
717,120.48799675445
718,120.236412470421
719,120.073622639578
720,120.015771707956
721,120.030894891901
722,120.073450828118
723,120.139219093181
724,120.223979263663
725,120.323510916138
726,120.433593627179
727,120.550006973359
728,120.668530531253
729,120.784943877434
730,120.895026588475
731,120.994558240949
732,121.079318411431
733,121.145086676494
734,121.187642612711
735,121.202765796656
736,121.09140311091
737,120.77803369288
738,120.29373550138
739,119.669586495222
740,118.936664633218
741,118.126047874182
742,117.268814176928
743,116.396041500266
744,115.538807803011
745,114.728191043976
746,113.995269181972
747,113.371120175814
748,112.886821984313
749,112.573452566284
750,112.462089880538
751,112.462825092184
752,112.464893943561
753,112.468091259325
754,112.472211864134
755,112.477050582644
756,112.482402239512
757,112.488061659395
758,112.493823666949
759,112.499483086832
760,112.5048347437
761,112.509673462209
762,112.513794067018
763,112.516991382783
764,112.51906023416
765,112.519795445806
766,112.517652312438
767,112.51162163482
768,112.502301496684
769,112.49028998176
770,112.476185173778
771,112.46058515647
772,112.444088013566
773,112.427291828796
774,112.410794685892
775,112.395194668584
776,112.381089860602
777,112.369078345678
778,112.359758207542
779,112.353727529924
780,112.351584396556
781,112.380047565149
782,112.460141597701
783,112.583923284372
784,112.743449415323
785,112.930776780713
786,113.137962170703
787,113.357062375453
788,113.580134185122
789,113.799234389872
790,114.006419779862
791,114.193747145252
792,114.353273276203
793,114.477054962874
794,114.557148995426
795,114.585612164019
796,114.571099784084
797,114.529168576217
798,114.462227438321
799,114.3726852683
800,114.262950964058
801,114.135433423497
802,113.992541544523
803,113.836684225039
804,113.670270362948
805,113.495708856155
806,113.315408602563
807,113.131778500076
808,112.947227446597
809,112.764164340031
810,112.584998078281
811,112.400673522939
812,112.201188464032
813,111.987531192115
814,111.760689997746
815,111.521653171479
816,111.271409003871
817,111.01094578548
818,110.741251806859
819,110.463315358567
820,110.178124731159
821,109.88666821519
822,109.589934101219
823,109.288910679799
824,108.984586241489
825,108.677949076844
826,108.338418604064
827,107.942627972312
828,107.502386068585
829,107.029501779879
830,106.535783993191
831,106.03304159552
832,105.533083473861
833,105.047718515213
834,104.588755606571
835,104.168003634934
836,103.797271487297
837,103.488368050659
838,103.253102212017
839,103.103282858367
840,103.050718876706
841,103.158193367973
842,103.460821341606
843,103.928909547358
844,104.532764734981
845,105.242693654226
846,106.029003054846
847,106.861999686592
848,107.711990299215
849,108.549281642469
850,109.344180466104
851,110.066993519873
852,110.688027553527
853,111.177589316818
854,111.505985559498
855,111.643523031319
856,111.674618918733
857,111.703506431075
858,111.730216352416
859,111.754779466827
860,111.777226558381
861,111.79758841115
862,111.815895809206
863,111.83217953662
864,111.846470377465
865,111.858799115812
866,111.869196535733
867,111.877693421301
868,111.884320556586
869,111.889108725662
870,111.8920887126
871,111.894118722018
872,111.896033944515
873,111.897830643132
874,111.899505080912
875,111.901053520896
876,111.902472226127
877,111.903757459646
878,111.904905484496
879,111.905912563719
880,111.906774960356
881,111.90748893745
882,111.908050758042
883,111.908456685175
884,111.908702981891
885,111.908785911231
886,111.819088186861
887,111.56668296247
888,111.176602161139
889,110.673877705947
890,110.083541519975
891,109.430625526302
892,108.74016164801
893,108.037181808177
894,107.346717929885
895,106.693801936213
896,106.103465750241
897,105.600741295049
898,105.210660493717
899,104.958255269327
900,104.868557544956
901,104.915978858163
902,105.049748064806
903,105.257123065416
904,105.525361760526
905,105.841722050669
906,106.193461836377
907,106.567839018182
908,106.952111496617
909,107.333537172213
910,107.699373945504
911,108.036879717022
912,108.333312387298
913,108.575929856867
914,108.751990026258
915,108.848750796006
916,108.897367108105
917,108.938254413864
918,108.972561377789
919,109.001436664386
920,109.02602893816
921,109.047486863617
922,109.066959105263
923,109.085594327603
924,109.104541195142
925,109.124948372388
926,109.147964523844
927,109.174738314017
928,109.206418407413
929,109.244153468537
930,109.289092161894
931,109.359749489671
932,109.469527754917
933,109.611906573431
934,109.780365561009
935,109.968384333451
936,110.169442506554
937,110.377019696117
938,110.584595517938
939,110.785649587816
940,110.973661521548
941,111.142110934932
942,111.284477443768
943,111.394240663853
944,111.464880210985
945,111.489875700963
946,111.455346568473
947,111.35664565402
948,111.20110268213
949,110.996047377327
950,110.748809464138
951,110.466718667087
952,110.1571047107
953,109.827297319502
954,109.484626218019
955,109.136421130775
956,108.790011782297
957,108.45272789711
958,108.131899199738
959,107.834855414708
960,107.568926266544
961,107.307892667546
962,107.024624730169
963,106.725085979171
964,106.41523993931
965,106.101050135344
966,105.78848009203
967,105.483493334128
968,105.192053386395
969,104.920123773589
970,104.673668020468
971,104.458649651791
972,104.281032192315
973,104.146779166798
974,104.061854099999
975,104.032220516675
976,104.111140067803
977,104.334899216937
978,104.683998707706
979,105.138939283737
980,105.680221688659
981,106.288346666098
982,106.943814959683
983,107.627127313042
984,108.318784469802
985,108.99928717359
986,109.649136168035
987,110.248832196765
988,110.778876003407
989,111.219768331588
990,111.552009924937
991,111.821691733124
992,112.086774385301
993,112.34556314432
994,112.596363273034
995,112.837480034295
996,113.067218690954
997,113.283884505865
998,113.48578274188
999,113.67121866185
1000,113.838497528628
1001,113.985924605067
1002,114.111805154018
1003,114.214444438334
1004,114.292147720867
1005,114.343220264469
1006,114.377217960576
1007,114.405424375252
1008,114.428736283292
1009,114.44805045949
1010,114.464263678641
1011,114.478272715539
1012,114.490974344979
1013,114.503265341755
1014,114.516042480662
1015,114.530202536494
1016,114.546642284045
1017,114.566258498111
1018,114.589947953485
1019,114.618607424962
1020,114.653133687337
1021,114.709453420999
1022,114.801043332159
1023,114.925125234344
1024,115.078920941082
1025,115.259652265901
1026,115.464541022328
1027,115.690809023891
1028,115.935678084117
1029,116.196370016534
1030,116.470106634669
1031,116.75410975205
1032,117.045601182205
1033,117.341802738661
1034,117.639936234946
1035,117.937223484587
1036,118.257592430439
1037,118.622900754861
1038,119.027264880637
1039,119.464801230552
1040,119.929626227393
1041,120.415856293942
1042,120.917607852987
1043,121.428997327311
1044,121.944141139699
1045,122.457155712937
1046,122.96215746981
1047,123.453262833102
1048,123.924588225598
1049,124.370250070084
1050,124.784364789344
1051,125.167350066991
1052,125.526494674359
1053,125.866221665808
1054,126.190954095703
1055,126.505115018405
1056,126.813127488278
1057,127.119414559685
1058,127.428399286987
1059,127.744504724549
1060,128.072153926732
1061,128.415769947901
1062,128.779775842416
1063,129.168594664642
1064,129.586649468941
1065,130.038363309675
1066,130.584290337529
1067,131.264998498052
1068,132.054931537907
1069,132.928533203755
1070,133.860247242259
1071,134.82451740008
1072,135.795787423881
1073,136.748501060324
1074,137.657102056071
1075,138.496034157784
1076,139.239741112125
1077,139.862666665757
1078,140.33925456534
1079,140.643948557538
1080,140.751192389013
1081,140.750362949009
1082,140.748028943416
1083,140.744421843864
1084,140.739773121981
1085,140.734314249396
1086,140.728276697739
1087,140.721891938639
1088,140.715391443724
1089,140.709006684623
1090,140.702969132966
1091,140.697510260382
1092,140.692861538499
1093,140.689254438947
1094,140.686920433354
1095,140.68609099335
1096,140.777357264907
1097,141.040244198486
1098,141.45838397245
1099,142.015408765162
1100,142.694950754985
1101,143.480642120281
1102,144.356115039415
1103,145.305001690747
1104,146.310934252642
1105,147.357544903463
1106,148.428465821571
1107,149.507329185331
1108,150.577767173104
1109,151.623411963254
1110,152.627895734144
1111,153.722770150077
1112,155.022770011163
1113,156.486302199474
1114,158.071773597081
1115,159.737591086057
1116,161.442161548472
1117,163.143891866398
1118,164.801188921908
1119,166.372459597073
1120,167.816110773965
1121,169.090549334655
1122,170.154182161214
1123,170.965416135716
1124,171.482658140231
1125,171.664315056831
1126,171.575188410849
1127,171.324390174482
1128,170.936792900096
1129,170.437269140058
1130,169.850691446736
1131,169.201932372496
1132,168.515864469706
1133,167.817360290732
1134,167.131292387941
1135,166.482533313702
1136,165.895955620379
1137,165.396431860342
1138,165.008834585956
1139,164.758036349588
1140,164.668909703606
1141,164.873099979105
1142,165.447681917137
1143,166.335672185004
1144,167.480087450009
1145,168.823944379455
1146,170.310259640644
1147,171.88204990088
1148,173.482331827464
1149,175.054122087699
1150,176.540437348889
1151,177.884294278335
1152,179.02870954334
1153,179.916699811207
1154,180.491281749239
1155,180.695472024737
1156,180.640908580732
1157,180.486655796053
1158,180.246869991705
1159,179.935707488693
1160,179.567324608023
1161,179.155877670698
1162,178.715522997725
1163,178.260416910108
1164,177.804715728852
1165,177.362575774962
1166,176.948153369443
1167,176.575604833301
1168,176.25908648754
1169,176.012754653165
1170,175.850765651181
1171,175.743233528383
1172,175.649531384154
1173,175.567704118385
1174,175.495796630966
1175,175.431853821788
1176,175.373920590741
1177,175.320041837716
1178,175.268262462604
1179,175.216627365293
1180,175.163181445676
1181,175.105969603642
1182,175.043036739082
1183,174.972427751887
1184,174.892187541946
1185,174.80036100915
1186,174.696260378857
1187,174.580901437798
1188,174.454884427921
1189,174.318809591174
1190,174.173277169507
1191,174.018887404867
1192,173.856240539205
1193,173.685936814468
1194,173.508576472605
1195,173.324759755566
1196,173.135086905298
1197,172.940158163751
1198,172.740573772873
1199,172.536933974612
1200,172.329839010919
1201,172.117731397565
1202,171.898204214104
1203,171.670583548156
1204,171.43419548734
1205,171.188366119276
1206,170.932421531585
1207,170.665687811884
1208,170.387491047796
1209,170.097157326938
1210,169.79401273693
1211,169.477383365394
1212,169.146595299947
1213,168.80097462821
1214,168.439847437802
1215,168.062539816344
1216,167.634637193167
1217,167.130202724768
1218,166.561279089515
1219,165.939908965773
1220,165.278135031908
1221,164.587999966288
1222,163.881546447279
1223,163.170817153246
1224,162.467854762558
1225,161.784701953579
1226,161.133401404677
1227,160.525995794218
1228,159.974527800568
1229,159.491040102094
1230,159.087575377162
1231,158.725371970077
1232,158.360383158097
1233,157.996724019022
1234,157.638509630652
1235,157.289855070785
1236,156.954875417223
1237,156.637685747763
1238,156.342401140207
1239,156.073136672352
1240,155.834007422
1241,155.629128466949
1242,155.462614884999
1243,155.338581753949
1244,155.2611441516
1245,155.23441715575
1246,155.38424697148
1247,155.805861104116
1248,156.457446581825
1249,157.297190432777
1250,158.283279685139
1251,159.373901367081
1252,160.52724250677
1253,161.701490132374
1254,162.854831272063
1255,163.945452954005
1256,164.931542206367
1257,165.771286057319
1258,166.422871535028
1259,166.844485667664
1260,166.994315483394
1261,166.889264780739
1262,166.591882373643
1263,166.128822813403
1264,165.526740651319
1265,164.81229043869
1266,164.012126726816
1267,163.152904066996
1268,162.26127701053
1269,161.363900108715
1270,160.487427912853
1271,159.658514974242
1272,158.903815844181
1273,158.24998507397
1274,157.723677214908
1275,157.351546818294
1276,157.067100371553
1277,156.787531069111
1278,156.515023522767
1279,156.251762344321
1280,155.999932145574
1281,155.761717538324
1282,155.539303134371
1283,155.334873545516
1284,155.150613383557
1285,154.988707260296
1286,154.85133978753
1287,154.740695577062
1288,154.658959240689
1289,154.608315390212
1290,154.590948637431
1291,154.658305490904
1292,154.847844543699
1293,155.140768534383
1294,155.518280201521
1295,155.961582283678
1296,156.451877519421
1297,156.970368647316
1298,157.498258405928
1299,158.016749533822
1300,158.507044769566
1301,158.950346851723
1302,159.327858518861
1303,159.620782509545
1304,159.81032156234
1305,159.877678415813
1306,159.781119592512
1307,159.506853467009
1308,159.077995555901
1309,158.517661375785
1310,157.848966443258
1311,157.095026274918
1312,156.278956387363
1313,155.423872297189
1314,154.552889520994
1315,153.689123575376
1316,152.855689976931
1317,152.075704242258
1318,151.372281887953
1319,150.768538430613
1320,150.287589386838
1321,149.89145761797
1322,149.524324444621
1323,149.182543072288
1324,148.862466706467
1325,148.560448552653
1326,148.272841816344
1327,147.995999703034
1328,147.726275418221
1329,147.4600221674
1330,147.193593156068
1331,146.923341589721
1332,146.645620673855
1333,146.356783613967
1334,146.053183615552
1335,145.731173884106
1336,145.396113949611
1337,145.055885991769
1338,144.710627190658
1339,144.360474726358
1340,144.005565778947
1341,143.646037528504
1342,143.282027155107
1343,142.913671838836
1344,142.541108759769
1345,142.164475097984
1346,141.783908033562
1347,141.399544746579
1348,141.011522417116
1349,140.619978225251
1350,140.225049351062
1351,139.824493584489
1352,139.416454358606
1353,139.001647318204
1354,138.580788108069
1355,138.154592372988
1356,137.72377575775
1357,137.289053907143
1358,136.851142465954
1359,136.41075707897
1360,135.96861339098
1361,135.525427046771
1362,135.081913691131
1363,134.638788968847
1364,134.196768524708
1365,133.7565680035
1366,133.313572733238
1367,132.863663137996
1368,132.408297506649
1369,131.948934128077
1370,131.487031291156
1371,131.024047284763
1372,130.561440397775
1373,130.100668919071
1374,129.643191137527
1375,129.19046534202
1376,128.743949821429
1377,128.305102864629
1378,127.875382760499
1379,127.456247797916
1380,127.049156265756
1381,126.657537399657
1382,126.282006652046
1383,125.919801636987
1384,125.568159968542
1385,125.224319260775
1386,124.885517127749
1387,124.548991183529
1388,124.211979042178
1389,123.871718317758
1390,123.525446624334
1391,123.170401575969
1392,122.803820786727
1393,122.42294187067
1394,122.025002441863
1395,121.607240114369
1396,121.133830155969
1397,120.581785122183
1398,119.967598558682
1399,119.307764011137
1400,118.61877502522
1401,117.917125146602
1402,117.219307920954
1403,116.541816893946
1404,115.901145611251
1405,115.31378761854
1406,114.796236461483
1407,114.364985685752
1408,114.036528837018
1409,113.827359460952
1410,113.753971103225
1411,113.754490118896
1412,113.758123228591
1413,113.767984526336
1414,113.787188106155
1415,113.818848062072
1416,113.866078488113
1417,113.931993478302
1418,114.019707126664
1419,114.132333527223
1420,114.272986774005
1421,114.444780961033
1422,114.650830182332
1423,114.894248531928
1424,115.178150103844
1425,115.505648992106
1426,115.879859290738
1427,116.303895093765
1428,116.780870495212
1429,117.313899589103
1430,117.906096469462
1431,118.560575230315
1432,119.280449965687
1433,120.068834769601
1434,120.928843736083
1435,121.863590959157
1436,122.876190532848
1437,123.969756551181
1438,125.14740310818
1439,126.412244297869
